/cal/homes/lmillet/Projet-PAF/taskGenerationBaruah/Log_nbProc_4_prob_hi_0.7_period_10_100_util_0.05_0.9_ratio_2_8_log_uniform_100setstaskParameters_processor_4_28115231562820.txt,0.3774325563819214
/cal/homes/lmillet/Projet-PAF/taskGenerationBaruah/Log_nbProc_4_prob_hi_0.7_period_10_100_util_0.05_0.9_ratio_2_8_log_uniform_100setstaskParameters_processor_4_28115231630974.txt,0.3564609566232684
/cal/homes/lmillet/Projet-PAF/taskGenerationBaruah/Log_nbProc_4_prob_hi_0.7_period_10_100_util_0.05_0.9_ratio_2_8_log_uniform_100setstaskParameters_processor_4_28115229651742.txt,0.5403493787338334
/cal/homes/lmillet/Projet-PAF/taskGenerationBaruah/Log_nbProc_4_prob_hi_0.7_period_10_100_util_0.05_0.9_ratio_2_8_log_uniform_100setstaskParameters_processor_4_28115226540335.txt,0.41589392707386336
/cal/homes/lmillet/Projet-PAF/taskGenerationBaruah/Log_nbProc_4_prob_hi_0.7_period_10_100_util_0.05_0.9_ratio_2_8_log_uniform_100setstaskParameters_processor_4_28115231967399.txt,0.344188918216
/cal/homes/lmillet/Projet-PAF/taskGenerationBaruah/Log_nbProc_4_prob_hi_0.7_period_10_100_util_0.05_0.9_ratio_2_8_log_uniform_100setstaskParameters_processor_4_28115229786910.txt,0.31882071111908333
/cal/homes/lmillet/Projet-PAF/taskGenerationBaruah/Log_nbProc_4_prob_hi_0.7_period_10_100_util_0.05_0.9_ratio_2_8_log_uniform_100setstaskParameters_processor_4_28115227955340.txt,0.3208013170055233
/cal/homes/lmillet/Projet-PAF/taskGenerationBaruah/Log_nbProc_4_prob_hi_0.7_period_10_100_util_0.05_0.9_ratio_2_8_log_uniform_100setstaskParameters_processor_4_28115231832648.txt,0.5515536422281666
/cal/homes/lmillet/Projet-PAF/taskGenerationBaruah/Log_nbProc_4_prob_hi_0.7_period_10_100_util_0.05_0.9_ratio_2_8_log_uniform_100setstaskParameters_processor_4_2811522927813.txt,0.5567599616099927
/cal/homes/lmillet/Projet-PAF/taskGenerationBaruah/Log_nbProc_4_prob_hi_0.7_period_10_100_util_0.05_0.9_ratio_2_8_log_uniform_100setstaskParameters_processor_4_28115226816519.txt,0.62903050044125
/cal/homes/lmillet/Projet-PAF/taskGenerationBaruah/Log_nbProc_4_prob_hi_0.7_period_10_100_util_0.05_0.9_ratio_2_8_log_uniform_100setstaskParameters_processor_4_28115232176773.txt,0.5702719194287
/cal/homes/lmillet/Projet-PAF/taskGenerationBaruah/Log_nbProc_4_prob_hi_0.7_period_10_100_util_0.05_0.9_ratio_2_8_log_uniform_100setstaskParameters_processor_4_28115231169658.txt,0.48540407577979994
/cal/homes/lmillet/Projet-PAF/taskGenerationBaruah/Log_nbProc_4_prob_hi_0.7_period_10_100_util_0.05_0.9_ratio_2_8_log_uniform_100setstaskParameters_processor_4_28115232242887.txt,0.5700439433394642
/cal/homes/lmillet/Projet-PAF/taskGenerationBaruah/Log_nbProc_4_prob_hi_0.7_period_10_100_util_0.05_0.9_ratio_2_8_log_uniform_100setstaskParameters_processor_4_28115231104837.txt,0.4062673951325
/cal/homes/lmillet/Projet-PAF/taskGenerationBaruah/Log_nbProc_4_prob_hi_0.7_period_10_100_util_0.05_0.9_ratio_2_8_log_uniform_100setstaskParameters_processor_4_28115225802490.txt,0.49874979760039995
/cal/homes/lmillet/Projet-PAF/taskGenerationBaruah/Log_nbProc_4_prob_hi_0.7_period_10_100_util_0.05_0.9_ratio_2_8_log_uniform_100setstaskParameters_processor_4_28115230314282.txt,0.5775328489885555
/cal/homes/lmillet/Projet-PAF/taskGenerationBaruah/Log_nbProc_4_prob_hi_0.7_period_10_100_util_0.05_0.9_ratio_2_8_log_uniform_100setstaskParameters_processor_4_28115226272611.txt,0.4669230840094415
/cal/homes/lmillet/Projet-PAF/taskGenerationBaruah/Log_nbProc_4_prob_hi_0.7_period_10_100_util_0.05_0.9_ratio_2_8_log_uniform_100setstaskParameters_processor_4_28115229309570.txt,0.31811573424741074
/cal/homes/lmillet/Projet-PAF/taskGenerationBaruah/Log_nbProc_4_prob_hi_0.7_period_10_100_util_0.05_0.9_ratio_2_8_log_uniform_100setstaskParameters_processor_4_28115226680509.txt,0.48323088717063883
/cal/homes/lmillet/Projet-PAF/taskGenerationBaruah/Log_nbProc_4_prob_hi_0.7_period_10_100_util_0.05_0.9_ratio_2_8_log_uniform_100setstaskParameters_processor_4_28115225736265.txt,0.5887863527299834
/cal/homes/lmillet/Projet-PAF/taskGenerationBaruah/Log_nbProc_4_prob_hi_0.7_period_10_100_util_0.05_0.9_ratio_2_8_log_uniform_100setstaskParameters_processor_4_28115228689013.txt,0.5962691812529001
/cal/homes/lmillet/Projet-PAF/taskGenerationBaruah/Log_nbProc_4_prob_hi_0.7_period_10_100_util_0.05_0.9_ratio_2_8_log_uniform_100setstaskParameters_processor_4_28115230697701.txt,0.5514540954035971
/cal/homes/lmillet/Projet-PAF/taskGenerationBaruah/Log_nbProc_4_prob_hi_0.7_period_10_100_util_0.05_0.9_ratio_2_8_log_uniform_100setstaskParameters_processor_4_28115228760181.txt,0.6315831820370801
/cal/homes/lmillet/Projet-PAF/taskGenerationBaruah/Log_nbProc_4_prob_hi_0.7_period_10_100_util_0.05_0.9_ratio_2_8_log_uniform_100setstaskParameters_processor_4_28115231900552.txt,0.39231485827720003
/cal/homes/lmillet/Projet-PAF/taskGenerationBaruah/Log_nbProc_4_prob_hi_0.7_period_10_100_util_0.05_0.9_ratio_2_8_log_uniform_100setstaskParameters_processor_4_28115227889355.txt,0.38073842415224995
/cal/homes/lmillet/Projet-PAF/taskGenerationBaruah/Log_nbProc_4_prob_hi_0.7_period_10_100_util_0.05_0.9_ratio_2_8_log_uniform_100setstaskParameters_processor_4_28115231431600.txt,0.3171411893295
/cal/homes/lmillet/Projet-PAF/taskGenerationBaruah/Log_nbProc_4_prob_hi_0.7_period_10_100_util_0.05_0.9_ratio_2_8_log_uniform_100setstaskParameters_processor_4_2811522998342.txt,0.8649264356455668
/cal/homes/lmillet/Projet-PAF/taskGenerationBaruah/Log_nbProc_4_prob_hi_0.7_period_10_100_util_0.05_0.9_ratio_2_8_log_uniform_100setstaskParameters_processor_4_2811522669998.txt,0.29427233084275
/cal/homes/lmillet/Projet-PAF/taskGenerationBaruah/Log_nbProc_4_prob_hi_0.7_period_10_100_util_0.05_0.9_ratio_2_8_log_uniform_100setstaskParameters_processor_4_28115228559134.txt,0.5478967908230667
/cal/homes/lmillet/Projet-PAF/taskGenerationBaruah/Log_nbProc_4_prob_hi_0.7_period_10_100_util_0.05_0.9_ratio_2_8_log_uniform_100setstaskParameters_processor_4_28115232381860.txt,0.6316653952102
/cal/homes/lmillet/Projet-PAF/taskGenerationBaruah/Log_nbProc_4_prob_hi_0.7_period_10_100_util_0.05_0.9_ratio_2_8_log_uniform_100setstaskParameters_processor_4_28115229238122.txt,0.5493038442975917
/cal/homes/lmillet/Projet-PAF/taskGenerationBaruah/Log_nbProc_4_prob_hi_0.7_period_10_100_util_0.05_0.9_ratio_2_8_log_uniform_100setstaskParameters_processor_4_28115227281448.txt,0.5133676366777333
/cal/homes/lmillet/Projet-PAF/taskGenerationBaruah/Log_nbProc_4_prob_hi_0.7_period_10_100_util_0.05_0.9_ratio_2_8_log_uniform_100setstaskParameters_processor_4_28115228160745.txt,0.4168142635105555
/cal/homes/lmillet/Projet-PAF/taskGenerationBaruah/Log_nbProc_4_prob_hi_0.7_period_10_100_util_0.05_0.9_ratio_2_8_log_uniform_100setstaskParameters_processor_4_28115226949491.txt,0.4649276749391905
/cal/homes/lmillet/Projet-PAF/taskGenerationBaruah/Log_nbProc_4_prob_hi_0.7_period_10_100_util_0.05_0.9_ratio_2_8_log_uniform_100setstaskParameters_processor_4_28115230628008.txt,0.4355633375938143
/cal/homes/lmillet/Projet-PAF/taskGenerationBaruah/Log_nbProc_4_prob_hi_0.7_period_10_100_util_0.05_0.9_ratio_2_8_log_uniform_100setstaskParameters_processor_4_28115227752965.txt,0.4648943359190445
/cal/homes/lmillet/Projet-PAF/taskGenerationBaruah/Log_nbProc_4_prob_hi_0.7_period_10_100_util_0.05_0.9_ratio_2_8_log_uniform_100setstaskParameters_processor_4_2811523234100.txt,0.323114005601725
/cal/homes/lmillet/Projet-PAF/taskGenerationBaruah/Log_nbProc_4_prob_hi_0.7_period_10_100_util_0.05_0.9_ratio_2_8_log_uniform_100setstaskParameters_processor_4_28115230111480.txt,0.42157369728341665
/cal/homes/lmillet/Projet-PAF/taskGenerationBaruah/Log_nbProc_4_prob_hi_0.7_period_10_100_util_0.05_0.9_ratio_2_8_log_uniform_100setstaskParameters_processor_4_28115231697689.txt,0.4188993346672174
/cal/homes/lmillet/Projet-PAF/taskGenerationBaruah/Log_nbProc_4_prob_hi_0.7_period_10_100_util_0.05_0.9_ratio_2_8_log_uniform_100setstaskParameters_processor_4_28115226747703.txt,0.4132436790116667
/cal/homes/lmillet/Projet-PAF/taskGenerationBaruah/Log_nbProc_4_prob_hi_0.7_period_10_100_util_0.05_0.9_ratio_2_8_log_uniform_100setstaskParameters_processor_4_2811523137561.txt,0.4157882482180429
/cal/homes/lmillet/Projet-PAF/taskGenerationBaruah/Log_nbProc_4_prob_hi_0.7_period_10_100_util_0.05_0.9_ratio_2_8_log_uniform_100setstaskParameters_processor_4_28115228297053.txt,0.5070951894676333
/cal/homes/lmillet/Projet-PAF/taskGenerationBaruah/Log_nbProc_4_prob_hi_0.7_period_10_100_util_0.05_0.9_ratio_2_8_log_uniform_100setstaskParameters_processor_4_28115231300547.txt,0.4580824687809167
/cal/homes/lmillet/Projet-PAF/taskGenerationBaruah/Log_nbProc_4_prob_hi_0.7_period_10_100_util_0.05_0.9_ratio_2_8_log_uniform_100setstaskParameters_processor_4_28115229168624.txt,0.44148366683259715
/cal/homes/lmillet/Projet-PAF/taskGenerationBaruah/Log_nbProc_4_prob_hi_0.7_period_10_100_util_0.05_0.9_ratio_2_8_log_uniform_100setstaskParameters_processor_4_28115230248443.txt,0.3193253812948
/cal/homes/lmillet/Projet-PAF/taskGenerationBaruah/Log_nbProc_4_prob_hi_0.7_period_10_100_util_0.05_0.9_ratio_2_8_log_uniform_100setstaskParameters_processor_4_28115229447781.txt,0.26583730690606666
/cal/homes/lmillet/Projet-PAF/taskGenerationBaruah/Log_nbProc_4_prob_hi_0.7_period_10_100_util_0.05_0.9_ratio_2_8_log_uniform_100setstaskParameters_processor_4_28115228494684.txt,0.49733403771557144
/cal/homes/lmillet/Projet-PAF/taskGenerationBaruah/Log_nbProc_4_prob_hi_0.7_period_10_100_util_0.05_0.9_ratio_2_8_log_uniform_100setstaskParameters_processor_4_2811522891462.txt,0.44026911039766664
/cal/homes/lmillet/Projet-PAF/taskGenerationBaruah/Log_nbProc_4_prob_hi_0.7_period_10_100_util_0.05_0.9_ratio_2_8_log_uniform_100setstaskParameters_processor_4_28115226204766.txt,0.38660955669989167
/cal/homes/lmillet/Projet-PAF/taskGenerationBaruah/Log_nbProc_4_prob_hi_0.7_period_10_100_util_0.05_0.9_ratio_2_8_log_uniform_100setstaskParameters_processor_4_28115227346313.txt,0.48793397250816667
/cal/homes/lmillet/Projet-PAF/taskGenerationBaruah/Log_nbProc_4_prob_hi_0.7_period_10_100_util_0.05_0.9_ratio_2_8_log_uniform_100setstaskParameters_processor_4_28115226884118.txt,0.2910636165937578
/cal/homes/lmillet/Projet-PAF/taskGenerationBaruah/Log_nbProc_4_prob_hi_0.7_period_10_100_util_0.05_0.9_ratio_2_8_log_uniform_100setstaskParameters_processor_4_28115230381924.txt,0.50931440334925
/cal/homes/lmillet/Projet-PAF/taskGenerationBaruah/Log_nbProc_4_prob_hi_0.7_period_10_100_util_0.05_0.9_ratio_2_8_log_uniform_100setstaskParameters_processor_4_28115230832290.txt,0.51727791947555
/cal/homes/lmillet/Projet-PAF/taskGenerationBaruah/Log_nbProc_4_prob_hi_0.7_period_10_100_util_0.05_0.9_ratio_2_8_log_uniform_100setstaskParameters_processor_4_28115229516807.txt,0.46999360894924447
/cal/homes/lmillet/Projet-PAF/taskGenerationBaruah/Log_nbProc_4_prob_hi_0.7_period_10_100_util_0.05_0.9_ratio_2_8_log_uniform_100setstaskParameters_processor_4_2811522781340.txt,0.8241125349005001
/cal/homes/lmillet/Projet-PAF/taskGenerationBaruah/Log_nbProc_4_prob_hi_0.7_period_10_100_util_0.05_0.9_ratio_2_8_log_uniform_100setstaskParameters_processor_4_28115226409003.txt,0.4437446619148
/cal/homes/lmillet/Projet-PAF/taskGenerationBaruah/Log_nbProc_4_prob_hi_0.7_period_10_100_util_0.05_0.9_ratio_2_8_log_uniform_100setstaskParameters_processor_4_28115226476223.txt,0.4480222075381667
/cal/homes/lmillet/Projet-PAF/taskGenerationBaruah/Log_nbProc_4_prob_hi_0.7_period_10_100_util_0.05_0.9_ratio_2_8_log_uniform_100setstaskParameters_processor_4_28115229721281.txt,0.3096068812215833
/cal/homes/lmillet/Projet-PAF/taskGenerationBaruah/Log_nbProc_4_prob_hi_0.7_period_10_100_util_0.05_0.9_ratio_2_8_log_uniform_100setstaskParameters_processor_4_28115228827165.txt,0.3356593365405084
/cal/homes/lmillet/Projet-PAF/taskGenerationBaruah/Log_nbProc_4_prob_hi_0.7_period_10_100_util_0.05_0.9_ratio_2_8_log_uniform_100setstaskParameters_processor_4_2811522823690.txt,0.3740153062400556
/cal/homes/lmillet/Projet-PAF/taskGenerationBaruah/Log_nbProc_4_prob_hi_0.7_period_10_100_util_0.05_0.9_ratio_2_8_log_uniform_100setstaskParameters_processor_4_28115230560043.txt,0.5930779734352917
/cal/homes/lmillet/Projet-PAF/taskGenerationBaruah/Log_nbProc_4_prob_hi_0.7_period_10_100_util_0.05_0.9_ratio_2_8_log_uniform_100setstaskParameters_processor_4_28115227215870.txt,0.355809344871
/cal/homes/lmillet/Projet-PAF/taskGenerationBaruah/Log_nbProc_4_prob_hi_0.7_period_10_100_util_0.05_0.9_ratio_2_8_log_uniform_100setstaskParameters_processor_4_28115229981463.txt,0.32011806469974285
/cal/homes/lmillet/Projet-PAF/taskGenerationBaruah/Log_nbProc_4_prob_hi_0.7_period_10_100_util_0.05_0.9_ratio_2_8_log_uniform_100setstaskParameters_processor_4_28115227544619.txt,0.3256221760537389
/cal/homes/lmillet/Projet-PAF/taskGenerationBaruah/Log_nbProc_4_prob_hi_0.7_period_10_100_util_0.05_0.9_ratio_2_8_log_uniform_100setstaskParameters_processor_4_28115230765027.txt,0.34392663582195
/cal/homes/lmillet/Projet-PAF/taskGenerationBaruah/Log_nbProc_4_prob_hi_0.7_period_10_100_util_0.05_0.9_ratio_2_8_log_uniform_100setstaskParameters_processor_4_28115231766246.txt,0.5690295552928016
/cal/homes/lmillet/Projet-PAF/taskGenerationBaruah/Log_nbProc_4_prob_hi_0.7_period_10_100_util_0.05_0.9_ratio_2_8_log_uniform_100setstaskParameters_processor_4_28115226610275.txt,0.4106880299204286
/cal/homes/lmillet/Projet-PAF/taskGenerationBaruah/Log_nbProc_4_prob_hi_0.7_period_10_100_util_0.05_0.9_ratio_2_8_log_uniform_100setstaskParameters_processor_4_28115229916815.txt,0.4605339027470679
/cal/homes/lmillet/Projet-PAF/taskGenerationBaruah/Log_nbProc_4_prob_hi_0.7_period_10_100_util_0.05_0.9_ratio_2_8_log_uniform_100setstaskParameters_processor_4_28115232102934.txt,0.4649786305239333
/cal/homes/lmillet/Projet-PAF/taskGenerationBaruah/Log_nbProc_4_prob_hi_0.7_period_10_100_util_0.05_0.9_ratio_2_8_log_uniform_100setstaskParameters_processor_4_28115226135063.txt,0.38662522323219994
/cal/homes/lmillet/Projet-PAF/taskGenerationBaruah/Log_nbProc_4_prob_hi_0.7_period_10_100_util_0.05_0.9_ratio_2_8_log_uniform_100setstaskParameters_processor_4_28115229852110.txt,0.32351944610492495
/cal/homes/lmillet/Projet-PAF/taskGenerationBaruah/Log_nbProc_4_prob_hi_0.7_period_10_100_util_0.05_0.9_ratio_2_8_log_uniform_100setstaskParameters_processor_4_28115228364420.txt,0.45396689696397
/cal/homes/lmillet/Projet-PAF/taskGenerationBaruah/Log_nbProc_4_prob_hi_0.7_period_10_100_util_0.05_0.9_ratio_2_8_log_uniform_100setstaskParameters_processor_4_28115228623602.txt,0.31509949204559995
/cal/homes/lmillet/Projet-PAF/taskGenerationBaruah/Log_nbProc_4_prob_hi_0.7_period_10_100_util_0.05_0.9_ratio_2_8_log_uniform_100setstaskParameters_processor_4_28115227615490.txt,0.29021521529794997
/cal/homes/lmillet/Projet-PAF/taskGenerationBaruah/Log_nbProc_4_prob_hi_0.7_period_10_100_util_0.05_0.9_ratio_2_8_log_uniform_100setstaskParameters_processor_4_28115230182946.txt,0.40884180131072384
/cal/homes/lmillet/Projet-PAF/taskGenerationBaruah/Log_nbProc_4_prob_hi_0.7_period_10_100_util_0.05_0.9_ratio_2_8_log_uniform_100setstaskParameters_processor_4_28115227821022.txt,0.24617981863963778
/cal/homes/lmillet/Projet-PAF/taskGenerationBaruah/Log_nbProc_4_prob_hi_0.7_period_10_100_util_0.05_0.9_ratio_2_8_log_uniform_100setstaskParameters_processor_4_281152265462.txt,0.33382151616874167
/cal/homes/lmillet/Projet-PAF/taskGenerationBaruah/Log_nbProc_4_prob_hi_0.7_period_10_100_util_0.05_0.9_ratio_2_8_log_uniform_100setstaskParameters_processor_4_28115230901196.txt,0.3384679206349167
/cal/homes/lmillet/Projet-PAF/taskGenerationBaruah/Log_nbProc_4_prob_hi_0.7_period_10_100_util_0.05_0.9_ratio_2_8_log_uniform_100setstaskParameters_processor_4_28115229381527.txt,0.38763180274974995
/cal/homes/lmillet/Projet-PAF/taskGenerationBaruah/Log_nbProc_4_prob_hi_0.7_period_10_100_util_0.05_0.9_ratio_2_8_log_uniform_100setstaskParameters_processor_4_28115225935372.txt,0.3536450573336389
/cal/homes/lmillet/Projet-PAF/taskGenerationBaruah/Log_nbProc_4_prob_hi_0.7_period_10_100_util_0.05_0.9_ratio_2_8_log_uniform_100setstaskParameters_processor_4_28115231495962.txt,0.38268979447714
/cal/homes/lmillet/Projet-PAF/taskGenerationBaruah/Log_nbProc_4_prob_hi_0.7_period_10_100_util_0.05_0.9_ratio_2_8_log_uniform_100setstaskParameters_processor_4_28115230971999.txt,0.4884357929517571
/cal/homes/lmillet/Projet-PAF/taskGenerationBaruah/Log_nbProc_4_prob_hi_0.7_period_10_100_util_0.05_0.9_ratio_2_8_log_uniform_100setstaskParameters_processor_4_28115232447028.txt,0.31752687800301665
/cal/homes/lmillet/Projet-PAF/taskGenerationBaruah/Log_nbProc_4_prob_hi_0.7_period_10_100_util_0.05_0.9_ratio_2_8_log_uniform_100setstaskParameters_processor_4_28115226341669.txt,0.44096186431370277
/cal/homes/lmillet/Projet-PAF/taskGenerationBaruah/Log_nbProc_4_prob_hi_0.7_period_10_100_util_0.05_0.9_ratio_2_8_log_uniform_100setstaskParameters_processor_4_28115232312110.txt,0.4379498160275
/cal/homes/lmillet/Projet-PAF/taskGenerationBaruah/Log_nbProc_4_prob_hi_0.7_period_10_100_util_0.05_0.9_ratio_2_8_log_uniform_100setstaskParameters_processor_4_28115230489912.txt,0.41011895335997495
/cal/homes/lmillet/Projet-PAF/taskGenerationBaruah/Log_nbProc_4_prob_hi_0.7_period_10_100_util_0.05_0.9_ratio_2_8_log_uniform_100setstaskParameters_processor_4_28115227147103.txt,0.5034890831366785
/cal/homes/lmillet/Projet-PAF/taskGenerationBaruah/Log_nbProc_4_prob_hi_0.7_period_10_100_util_0.05_0.9_ratio_2_8_log_uniform_100setstaskParameters_processor_4_28115228959861.txt,0.3329748949015
/cal/homes/lmillet/Projet-PAF/taskGenerationBaruah/Log_nbProc_4_prob_hi_0.7_period_10_100_util_0.05_0.9_ratio_2_8_log_uniform_100setstaskParameters_processor_4_28115227686521.txt,0.5711556612686
/cal/homes/lmillet/Projet-PAF/taskGenerationBaruah/Log_nbProc_4_prob_hi_0.7_period_10_100_util_0.05_0.9_ratio_2_8_log_uniform_100setstaskParameters_processor_4_28115231234956.txt,0.61644199894765
/cal/homes/lmillet/Projet-PAF/taskGenerationBaruah/Log_nbProc_4_prob_hi_0.7_period_10_100_util_0.05_0.9_ratio_2_8_log_uniform_100setstaskParameters_processor_4_28115227479783.txt,0.4525602439582
/cal/homes/lmillet/Projet-PAF/taskGenerationBaruah/Log_nbProc_4_prob_hi_0.7_period_10_100_util_0.05_0.9_ratio_2_8_log_uniform_100setstaskParameters_processor_4_28115228892537.txt,0.5524257449766548
/cal/homes/lmillet/Projet-PAF/taskGenerationBaruah/Log_nbProc_4_prob_hi_0.7_period_10_100_util_0.05_0.9_ratio_2_8_log_uniform_100setstaskParameters_processor_4_28115231365766.txt,0.5393178854700333
/cal/homes/lmillet/Projet-PAF/taskGenerationBaruah/Log_nbProc_4_prob_hi_0.7_period_10_100_util_0.05_0.9_ratio_2_8_log_uniform_100setstaskParameters_processor_4_28115225869121.txt,0.3838993295096
/cal/homes/lmillet/Projet-PAF/taskGenerationBaruah/Log_nbProc_4_prob_hi_0.7_period_10_100_util_0.05_0.9_ratio_2_8_log_uniform_100setstaskParameters_processor_4_28115228429966.txt,0.3720093235960778
/cal/homes/lmillet/Projet-PAF/taskGenerationBaruah/Log_nbProc_4_prob_hi_0.7_period_10_100_util_0.05_0.9_ratio_2_8_log_uniform_100setstaskParameters_processor_4_28115229584949.txt,0.46671955990375
/cal/homes/lmillet/Projet-PAF/taskGenerationBaruah/Log_nbProc_4_prob_hi_0.7_period_10_100_util_0.05_0.9_ratio_2_8_log_uniform_100setstaskParameters_processor_4_2811523046085.txt,0.6593432254258333
/cal/homes/lmillet/Projet-PAF/taskGenerationBaruah/Log_nbProc_4_prob_hi_0.7_period_10_100_util_0.05_0.9_ratio_2_8_log_uniform_100setstaskParameters_processor_4_28115228228014.txt,0.522756614632775
/cal/homes/lmillet/Projet-PAF/taskGenerationBaruah/Log_nbProc_4_prob_hi_0.7_period_10_100_util_0.05_0.9_ratio_2_8_log_uniform_100setstaskParameters_processor_4_28115227415341.txt,0.6280301975074889
/cal/homes/lmillet/Projet-PAF/taskGenerationBaruah/Log_nbProc_4_prob_hi_0.7_period_10_100_util_0.05_0.9_ratio_2_8_log_uniform_100setstaskParameters_processor_4_2811522715346.txt,0.4040314658292111
/cal/homes/lmillet/Projet-PAF/taskGenerationBaruah/Log_nbProc_4_prob_hi_0.7_period_10_100_util_0.05_0.9_ratio_2_8_log_uniform_100setstaskParameters_processor_4_28115417286703.txt,0.8833872778754001
/cal/homes/lmillet/Projet-PAF/taskGenerationBaruah/Log_nbProc_4_prob_hi_0.7_period_10_100_util_0.05_0.9_ratio_2_8_log_uniform_100setstaskParameters_processor_4_28115417150732.txt,0.6786516509263001
/cal/homes/lmillet/Projet-PAF/taskGenerationBaruah/Log_nbProc_4_prob_hi_0.7_period_10_100_util_0.05_0.9_ratio_2_8_log_uniform_100setstaskParameters_processor_4_28115416339588.txt,0.8101956626153889
/cal/homes/lmillet/Projet-PAF/taskGenerationBaruah/Log_nbProc_4_prob_hi_0.7_period_10_100_util_0.05_0.9_ratio_2_8_log_uniform_100setstaskParameters_processor_4_28115417619750.txt,0.741925161515
